z,target,target_cn,spearman_rho,p,fdr_sig
z1,sofa_respiration,呼吸,-0.08577995084640742,1.2390003564138676e-20,True
z1,sofa_coagulation,凝血,-0.0707633446362703,1.6109440850426116e-14,True
z1,sofa_liver,肝脏,0.0686541003498027,9.406830404012439e-14,True
z1,sofa_cardiovascular,心血管,0.008651851608674807,0.34843130162027924,False
z1,sofa_cns,神经,0.044304871032127546,1.5570710093048119e-06,True
z1,sofa_renal,肾脏,0.03822691139970289,3.4093778888545715e-05,True
z1,lactate,乳酸,0.13705504336020824,2.321224340754681e-50,True
z2,sofa_respiration,呼吸,0.07993700384265269,4.0697555852140945e-18,True
z2,sofa_coagulation,凝血,0.08953644838731564,2.4110672591480497e-22,True
z2,sofa_liver,肝脏,-0.05227924702936429,1.4322668102932672e-08,True
z2,sofa_cardiovascular,心血管,-0.024406375434836643,0.00816033682840118,True
z2,sofa_cns,神经,-0.0545921576166124,3.2061519916893585e-09,True
z2,sofa_renal,肾脏,-0.0595123230173916,1.0808058204213344e-10,True
z2,lactate,乳酸,-0.14497225171248657,3.397856219934695e-56,True
z3,sofa_respiration,呼吸,-0.06665652172124546,4.768204056826951e-13,True
z3,sofa_coagulation,凝血,-0.08614620127198662,8.501050712365892e-21,True
z3,sofa_liver,肝脏,0.06691860246857152,3.8639129934473697e-13,True
z3,sofa_cardiovascular,心血管,0.014985823877899929,0.10434687957650143,False
z3,sofa_cns,神经,0.04403884159202608,1.7980036650678044e-06,True
z3,sofa_renal,肾脏,0.018179804900421283,0.04879879360037807,False
z3,lactate,乳酸,0.13455452602635512,1.3750787636542813e-48,True
z4,sofa_respiration,呼吸,0.021361003685130036,0.020602001344017167,True
z4,sofa_coagulation,凝血,0.025840907992042198,0.00509603552423873,True
z4,sofa_liver,肝脏,-0.03727239222264642,5.329432946202891e-05,True
z4,sofa_cardiovascular,心血管,0.0077562101291018355,0.40058943665731905,False
z4,sofa_cns,神经,-0.0066823840202611725,0.46894805187238947,False
z4,sofa_renal,肾脏,-0.01958463894122605,0.033784791551571464,True
z4,lactate,乳酸,-0.0670779371830192,3.3988594901142144e-13,True
z5,sofa_respiration,呼吸,0.014302973163502701,0.1211123020202937,False
z5,sofa_coagulation,凝血,0.045841193842386094,6.677467650530782e-07,True
z5,sofa_liver,肝脏,-0.004599134493659666,0.6181878715331736,False
z5,sofa_cardiovascular,心血管,-0.033498334404417816,0.0002819949300712083,True
z5,sofa_cns,神经,-0.02070999281535231,0.024792218054039347,True
z5,sofa_renal,肾脏,-0.03916449246889417,2.1765457426361338e-05,True
z5,lactate,乳酸,-0.07870804953189302,1.3077323632725255e-17,True
z6,sofa_respiration,呼吸,0.06437702664668021,2.87066101029026e-12,True
z6,sofa_coagulation,凝血,0.05650344932862856,8.882841821569855e-10,True
z6,sofa_liver,肝脏,-0.08543972474645171,1.7555996432751857e-20,True
z6,sofa_cardiovascular,心血管,0.019603282818223364,0.03361566306810968,True
z6,sofa_cns,神经,-0.027333016749648224,0.0030496513529309757,True
z6,sofa_renal,肾脏,-0.03613178441463338,8.967476131090986e-05,True
z6,lactate,乳酸,-0.11135598355098958,9.871741941183005e-34,True
z7,sofa_respiration,呼吸,-0.08302923237821676,1.993759476633751e-19,True
z7,sofa_coagulation,凝血,-0.07163130065281152,7.676008814073123e-15,True
z7,sofa_liver,肝脏,0.07402833897218616,9.463289389050963e-16,True
z7,sofa_cardiovascular,心血管,-0.003329202129981585,0.7182538664797534,False
z7,sofa_cns,神经,0.0541443084246378,4.304733131683917e-09,True
z7,sofa_renal,肾脏,0.018053241030240873,0.05039144637823648,False
z7,lactate,乳酸,0.14562608360957846,1.0820164600351373e-56,True
z8,sofa_respiration,呼吸,-0.03769295934202565,4.382784733920759e-05,True
z8,sofa_coagulation,凝血,-0.051412009953590514,2.470871089661394e-08,True
z8,sofa_liver,肝脏,0.05301736828785359,8.943141211741668e-09,True
z8,sofa_cardiovascular,心血管,0.04486902942805501,1.1445767724711994e-06,True
z8,sofa_cns,神经,0.014355701505553703,0.11974688455723875,False
z8,sofa_renal,肾脏,0.05563237452544714,1.6028027533589436e-09,True
z8,lactate,乳酸,0.11555738566019408,3.276187185690092e-36,True
z9,sofa_respiration,呼吸,-0.1134007136803591,6.302684322307743e-35,True
z9,sofa_coagulation,凝血,-0.07507441318683435,3.7162695519028483e-16,True
z9,sofa_liver,肝脏,0.01819592816887071,0.048598969396464804,False
z9,sofa_cardiovascular,心血管,0.047080436158639154,3.307352500861774e-07,True
z9,sofa_cns,神经,0.05273434712036455,1.0721068736602177e-08,True
z9,sofa_renal,肾脏,0.08203094283273105,5.34481738172152e-19,True
z9,lactate,乳酸,0.10724178141231884,2.1476897242864982e-31,True
z10,sofa_respiration,呼吸,-0.07038665576780172,2.216193070923464e-14,True
z10,sofa_coagulation,凝血,-0.04216752234328576,4.83520143589875e-06,True
z10,sofa_liver,肝脏,0.04894882842848932,1.109159794718679e-07,True
z10,sofa_cardiovascular,心血管,0.02422476639813437,0.008647791684921474,True
z10,sofa_cns,神经,0.03194780180339196,0.0005339253266768096,True
z10,sofa_renal,肾脏,0.0824064722791804,3.6934722800956644e-19,True
z10,lactate,乳酸,0.11066578436813534,2.4703288800274577e-33,True
z11,sofa_respiration,呼吸,0.05099368594749057,3.2043590377887544e-08,True
z11,sofa_coagulation,凝血,0.0702179862997114,2.5550607834293958e-14,True
z11,sofa_liver,肝脏,-0.07539390761724564,2.7861826090618286e-16,True
z11,sofa_cardiovascular,心血管,0.015248997057724608,0.09839986205469178,False
z11,sofa_cns,神经,-0.03346751552237032,0.0002856702638711199,True
z11,sofa_renal,肾脏,-0.0016065315356886842,0.8617843432232262,False
z11,lactate,乳酸,-0.15055365366730974,1.6377367245187585e-60,True
z12,sofa_respiration,呼吸,0.058484762820543504,2.2453990366061493e-10,True
z12,sofa_coagulation,凝血,0.055866489250105136,1.3688722759490443e-09,True
z12,sofa_liver,肝脏,-0.05104488554689384,3.1043535826921186e-08,True
z12,sofa_cardiovascular,心血管,-0.03564595219115933,0.00011142982222764181,True
z12,sofa_cns,神经,-0.022596856478276337,0.014318178225558533,True
z12,sofa_renal,肾脏,-0.04726394321687078,2.9761012170684745e-07,True
z12,lactate,乳酸,-0.08881931079828609,5.181500673712699e-22,True
z13,sofa_respiration,呼吸,0.0415152275389775,6.762480991662117e-06,True
z13,sofa_coagulation,凝血,0.03603051957224045,9.384845151637457e-05,True
z13,sofa_liver,肝脏,-0.07540738518083734,2.7524597118156013e-16,True
z13,sofa_cardiovascular,心血管,0.023561853960846743,0.01065542012631539,True
z13,sofa_cns,神经,-0.03388473538394984,0.00023951987126745642,True
z13,sofa_renal,肾脏,0.008757740370976888,0.34256343428290587,False
z13,lactate,乳酸,-0.08844330882153689,7.719559553084166e-22,True
z14,sofa_respiration,呼吸,-0.09913795582113027,4.7533075891842014e-27,True
z14,sofa_coagulation,凝血,-0.063065506355971,7.845127276752616e-12,True
z14,sofa_liver,肝脏,0.0526783484442076,1.1111472687057654e-08,True
z14,sofa_cardiovascular,心血管,0.01931608451037493,0.03630286138920527,True
z14,sofa_cns,神经,0.03883356354240442,2.5530217274784462e-05,True
z14,sofa_renal,肾脏,0.04962827756036385,7.38127250098971e-08,True
z14,lactate,乳酸,0.11722871094194527,3.18655160204505e-37,True
z15,sofa_respiration,呼吸,-0.059438698034121044,1.1394023572784766e-10,True
z15,sofa_coagulation,凝血,-0.08839245654080366,8.146147451222343e-22,True
z15,sofa_liver,肝脏,0.08983099594571475,1.757826832588e-22,True
z15,sofa_cardiovascular,心血管,-0.010018160385367587,0.2776047637811022,False
z15,sofa_cns,神经,0.03444786720711454,0.00018824248300342968,True
z15,sofa_renal,肾脏,0.026916440204780973,0.00352829056866902,True
z15,lactate,乳酸,0.14757603861914653,3.454098961908274e-58,True
z16,sofa_respiration,呼吸,-0.019042233843856372,0.03903356035053956,True
z16,sofa_coagulation,凝血,-0.027532287091427406,0.002842317435016336,True
z16,sofa_liver,肝脏,-0.0027840075828888867,0.7628737710821683,False
z16,sofa_cardiovascular,心血管,0.0073226136400167795,0.42744158157603124,False
z16,sofa_cns,神经,0.01220236873495493,0.18602005372032154,False
z16,sofa_renal,肾脏,0.03748544564447884,4.827967180552284e-05,True
z16,lactate,乳酸,0.0425123765618202,4.041497211274024e-06,True
